<?xml version="1.0" encoding="UTF-8" standalone="yes"?>
<manifest>
  <control namespace="Cathal" constructor="ImageControl" version="0.1.0" display-name-key="ImageControl_Display_Key" description-key="ImageControl_Desc_Key" control-type="standard" api-version="1.1.0">
    <property name="field" display-name-key="Field_Display_Key" description-key="Field_Desc_Key" of-type="Multiple" usage="bound" required="true"/>
    <property name="length" display-name-key="Length_Display_Key" description-key="Length_Desc_Key" of-type="Whole.None" usage="bound" required="false"/>
    <property name="imageBorder" display-name-key="ImageBorder_Display_Key" description-key="ImageBorder_Desc_Key" of-type="Enum" usage="input" required="true" default-value="no">
      <value name="Yes" display-name-key="ImageBorder_Yes_Display_Key" description-key="ImageBorder_Yes_Desc_Key">yes</value>
      <value name="No" display-name-key="ImageBorder_No_Display_Key" description-key="ImageBorder_No_Desc_Key">no</value>
    </property>
    <resources>
      <code path="bundle.js" order="1"/>
      <resx path="strings/ImageControl.1033.resx" version="1.1.0"/>
      <css path="css/ImageControl.css" order="1"/>
    </resources>
    <built-by name="pac" version="0.4.3"/>
  </control>
</manifest>